"VERDICTID","DEF.VERDICTID","VICTIM","VIC.TYPE","DEF.TYPE","VIC.GENDER","DEF.GENDER","TYPE.RELATIONSHIP","VIC.PRESENT.IN.COURT","VIC.SUPPORT.INDICTMENT","VIC.WITHDRAW.INTIMATE.W.DEF","VIC.WITHDRAW.FINANCIAL.SUPPORT","VIC.REQUEST.COMPENSATION","COURT.ELABORATES.COMPREQUEST","VIC.CONSIDERED.DEF","VIC.PRIVATE.ATTORNEY","VIC.VICTIM.ADVOCATE"
"domv957","domv957.1","Victim1","brother","brother","Male","Male","Other relationship","Yes","No","Not applicable","Not mentioned","No","Not applicable","No","No","No"
"domv1573","domv1573.1","Victim1","daughter","father","Female","Male","Other relationship","Yes","Yes","Not applicable","Not applicable","Yes","Yes","No","No","Yes"
"domv1573","domv1573.2","Victim1","husband","wife","Male","Female","Intimate relationship","Yes","Yes","Not applicable","Not applicable","No","Not applicable","Yes","No","No"
"domv786","domv786.1","Victim1","father","son","Male","Male","Other relationship","No","Yes","Not applicable","Not applicable","No","Not applicable","No","No","No"
"domv640","domv640.1","Victim1","daughter","father","Female","Male","Other relationship","Yes","Yes","Not applicable","Not applicable","No","Not applicable","No","No","No"
"domv447","domv447.1","Victim1","wife","husband","Female","Male","Intimate relationship","Yes","Yes","Not applicable","Not applicable","No","Not applicable","Yes","No","No"
"domv447","domv447.2","Victim1","husband","wife","Male","Female","Intimate relationship","Yes","Yes","Not applicable","Not applicable","No","Not applicable","Yes","No","No"
"domv436","domv436.1","Victim1","wife","husband","Female","Male","Intimate relationship","No","Yes","Not applicable","Not applicable","No","Not applicable","No","No","No"
"domv955","domv955.1","Victim1","father","son","Male","Male","Other relationship","Yes","No","Not applicable","Not mentioned","No","Not applicable","No","No","No"
"domv861","domv861.1","Victim1","son","father","Male","Male","Other relationship","Yes","No","Not applicable","Not mentioned","No","Not applicable","No","No","No"
"domv822","domv822.1","Victim1","daughter","mother","Female","Female","Other relationship","Yes","No","Not applicable","Not mentioned","No","Not applicable","No","No","No"
"domv1556","domv1556.1","Victim1","father","son","Male","Male","Other relationship","No","Yes","Not applicable","Not applicable","No","Not applicable","No","No","No"
"domv1637","domv1637.1","Victim1","mother","son","Female","Male","Other relationship","Yes","No","Not applicable","Not mentioned","No","Not applicable","No","No","Yes"
"domv1642","domv1642.1","Victim1","wife","husband","Female","Male","Intimate relationship","Yes","No","Yes","Yes","No","Not applicable","No","No","Yes"
"domv1565","domv1565.1","Victim1","wife","husband","Female","Male","Intimate relationship","Yes","No","Yes","Not mentioned","No","Not applicable","No","No","Yes"
"domv1691","domv1691.1","Victim1","wife","husband","Female","Male","Intimate relationship","Yes","No","Yes","Yes","No","Not applicable","No","No","Yes"
"domv800","domv800.1","Victim1","male cohabiting partner","female cohabiting partner","Male","Female","Intimate relationship","Yes","No","Yes","Not mentioned","No","Not applicable","No","No","No"
"domv769","domv769.1","Victim1","wife","husband","Female","Male","Intimate relationship","Yes","No","Not mentioned","Not mentioned","No","Not applicable","No","No","Yes"
"domv770","domv770.1","Victim1","father","son","Male","Male","Other relationship","No","Yes","Not applicable","Not applicable","No","Not applicable","No","No","No"
"domv675","domv675.1","Victim1","wife","husband","Female","Male","Intimate relationship","Yes","No","Yes","Not mentioned","No","Not applicable","No","No","No"
"domv519","domv519.1","Victim1","wife","husband","Female","Male","Intimate relationship","Not mentioned","No","Not mentioned","Not mentioned","No","Not applicable","No","No","Yes"
"domv523","domv523.1","Victim1","wife","husband","Female","Male","Intimate relationship","Yes","No","Yes","Not mentioned","No","Not applicable","No","No","Yes"
"domv514","domv514.1","Victim1","wife","husband","Female","Male","Intimate relationship","No","Yes","Not applicable","Not applicable","Not mentioned","Not applicable","No","No","No"
"domv212","domv212.1","Victim1","wife","husband","Female","Male","Intimate relationship","Yes","No","Yes","Not mentioned","No","Not applicable","No","No","No"
"domv430","domv430.1","Victim1","wife","husband","Female","Male","Intimate relationship","Yes","No","Yes","Not mentioned","No","Not applicable","No","No","No"
"domv229","domv229.1","Victim1","wife","husband","Female","Male","Intimate relationship","Yes","Yes","Not applicable","Not applicable","No","Not applicable","No","No","No"
"domv427","domv427.1","Victim1","daughter","father","Female","Male","Other relationship","No","Yes","Not applicable","Not applicable","No","Not applicable","No","No","No"
"domv223","domv223.1","Victim1","wife","husband","Female","Male","Intimate relationship","Yes","No","Not mentioned","Not mentioned","No","Not applicable","No","No","No"
"domv1325","domv1325.1","Victim1","son","father","Male","Male","Other relationship","No","Yes","Not applicable","Not applicable","No","Not applicable","No","No","No"
"domv1332","domv1332.1","Victim1","wife","husband","Female","Male","Intimate relationship","Yes","Yes","Not applicable","Not applicable","No","Not applicable","Yes","No","No"
"domv1332","domv1332.2","Victim1","husband","wife","Male","Female","Intimate relationship","Yes","Yes","Not applicable","Not applicable","No","Not applicable","Yes","No","No"
"domv1330","domv1330.1","Victim1","wife","husband","Female","Male","Intimate relationship","Yes","No","Yes","Not mentioned","No","Not applicable","No","No","No"
"domv1324","domv1324.1","Victim1","wife","husband","Female","Male","Intimate relationship","Yes","Yes","Not applicable","Not applicable","Yes","Yes","No","Yes","No"
"domv1331","domv1331.1","Victim1","sister","brother","Female","Male","Other relationship","Yes","No","Not applicable","Not mentioned","No","Not applicable","No","No","No"
"domv821","domv821.1","Victim1","father","son","Male","Male","Other relationship","Yes","Yes","Not applicable","Not applicable","No","Not applicable","Yes","No","No"
"domv821","domv821.2","Victim1","son","father","Male","Male","Other relationship","Yes","Yes","Not applicable","Not applicable","No","Not applicable","Yes","No","No"
"domv834","domv834.1","Victim1","wife","husband","Female","Male","Intimate relationship","Yes","No","Not mentioned","Not mentioned","No","Not applicable","No","No","No"
"domv837","domv837.1","Victim1","wife","husband","Female","Male","Intimate relationship","Yes","Yes","Not applicable","Not applicable","Yes","Yes","No","No","No"
"domv936","domv936.1","Victim1","wife","husband","Female","Male","Intimate relationship","Yes","Yes","Not applicable","Not applicable","No","Not applicable","No","No","No"
"domv820","domv820.1","Victim1","daughter-in-law","father-in-law","Female","Male","Other relationship","Yes","No","Not applicable","Not mentioned","No","Not applicable","No","No","No"
"domv841","domv841.1","Victim1","brother","brother","Male","Male","Other relationship","Yes","Yes","Not applicable","Not applicable","No","Not applicable","No","No","No"
"domv1514","domv1514.1","Victim1","mother","son","Female","Male","Other relationship","No","Yes","Not applicable","Not applicable","No","Not applicable","No","No","Yes"
"domv1623","domv1623.1","Victim1","father","son","Male","Male","Other relationship","Yes","Yes","Not applicable","Not applicable","No","Not applicable","Yes","No","Yes"
"domv1623","domv1623.2","Victim1","son","father","Male","Male","Other relationship","Yes","Yes","Not applicable","Not applicable","No","Not applicable","Yes","No","Yes"
"domv1534","domv1534.1","Victim1","wife","husband","Female","Male","Intimate relationship","Yes","Yes","Not applicable","Not applicable","No","Not applicable","No","No","Yes"
"domv1616","domv1616.1","Victim1","brother","brother","Male","Male","Other relationship","Yes","Yes","Not applicable","Not applicable","No","Not applicable","Yes","Yes","Yes"
"domv1616","domv1616.2","Victim1","brother","brother","Male","Male","Other relationship","Yes","Yes","Not applicable","Not applicable","No","Not applicable","Yes","Yes","Yes"
"domv1525","domv1525.1","Victim1","father","son","Male","Male","Other relationship","Yes","Yes","Not applicable","Not applicable","No","Not applicable","Yes","No","No"
"domv1525","domv1525.2","Victim1","son","father","Male","Male","Other relationship","Yes","Yes","Not applicable","Not applicable","No","Not applicable","Yes","Yes","Yes"
"domv1551","domv1551.1","Victim1","wife","husband","Female","Male","Intimate relationship","Yes","No","Yes","Not mentioned","No","Not applicable","No","No","Yes"
"domv1682","domv1682.1","Victim1","girlfriend","boyfriend","Female","Male","Intimate relationship","Yes","Yes","Not applicable","Not applicable","No","Not applicable","No","No","Yes"
"domv1588","domv1588.1","Victim1","father-in-law","daughter-in-law","Male","Female","Other relationship","Yes","Yes","Not applicable","Not applicable","No","Not applicable","No","No","Yes"
"domv1536","domv1536.1","Victim1","grandmother","grandson","Female","Male","Other relationship","No","Yes","Not applicable","Not applicable","No","Not applicable","No","No","Yes"
"domv731","domv731.1","Victim1","stepmother","stepson","Female","Male","Other relationship","Yes","No","Not applicable","Not mentioned","No","Not applicable","No","No","No"
"domv693","domv693.1","Victim1","grandmother","grandson","Female","Male","Other relationship","Yes","No","Not applicable","Not mentioned","No","Not applicable","No","No","No"
"domv746","domv746.1","Victim1","wife","husband","Female","Male","Intimate relationship","No","Yes","Not applicable","Not applicable","Not mentioned","Not applicable","No","No","No"
"domv750","domv750.1","Victim1","female cohabiting partner","male cohabiting partner","Female","Male","Intimate relationship","Yes","No","Not mentioned","Not mentioned","No","Not applicable","No","No","Yes"
"domv745","domv745.1","Victim1","mother","son","Female","Male","Other relationship","No","Yes","Not applicable","Not applicable","Not mentioned","Not applicable","No","No","No"
"domv725","domv725.1","Victim1","wife","husband","Female","Male","Intimate relationship","Yes","Yes","Not applicable","Not applicable","Yes","No","No","No","Yes"
"domv614","domv614.1","Victim1","wife","husband","Female","Male","Intimate relationship","Yes","Yes","Not applicable","Not applicable","Not mentioned","Not applicable","No","No","Yes"
"domv631","domv631.1","Victim1","wife","husband","Female","Male","Intimate relationship","Yes","Yes","Not applicable","Not applicable","Not mentioned","Not applicable","No","No","No"
"domv644","domv644.1","Victim1","female fiance","male fiance","Female","Male","Intimate relationship","No","Yes","Not applicable","Not applicable","Not mentioned","Not applicable","No","No","No"
"domv481","domv481.1","Victim1","wife","husband","Female","Male","Intimate relationship","Yes","Yes","Not applicable","Not applicable","Not mentioned","Not applicable","Yes","No","No"
"domv481","domv481.2","Victim1","husband","wife","Male","Female","Intimate relationship","Yes","Yes","Not applicable","Not applicable","Not mentioned","Not applicable","Yes","No","No"
"domv500","domv500.1","Victim1","wife","husband","Female","Male","Intimate relationship","Yes","Yes","Not applicable","Not applicable","No","Not applicable","No","No","No"
"domv500","domv500.2","Victim1","brother-in-law","sister-in-law","Male","Female","Other relationship","Yes","Yes","Not applicable","Not applicable","No","Not applicable","No","No","No"
"domv500","domv500.3","Victim1","sister-in-law","sister-in-law","Female","Female","Other relationship","Yes","Yes","Not applicable","Not applicable","No","Not applicable","No","No","No"
"domv461","domv461.1","Victim1","wife","husband","Female","Male","Intimate relationship","Yes","Yes","Not applicable","Not applicable","No","Not applicable","No","No","No"
"domv487","domv487.1","Victim1","wife","husband","Female","Male","Intimate relationship","Yes","Yes","Not applicable","Not applicable","No","Not applicable","No","No","No"
"domv468","domv468.1","Victim1","wife","husband","Female","Male","Intimate relationship","No","No","Yes","Yes","No","Not applicable","No","No","No"
"domv484","domv484.1","Victim1","father","son","Male","Male","Other relationship","No","Yes","Not applicable","Not applicable","Not mentioned","Not applicable","No","No","No"
"domv402","domv402.1","Victim1","wife","husband","Female","Male","Intimate relationship","Yes","Yes","Not applicable","Not applicable","Not mentioned","Not applicable","No","No","Yes"
"domv397","domv397.1","Victim1","wife","husband","Female","Male","Intimate relationship","No","Yes","Not applicable","Not applicable","Not mentioned","Not applicable","No","No","No"
"domv129","domv129.1","Victim1","father","son","Male","Male","Other relationship","No","Yes","Not applicable","Not applicable","Not mentioned","Not applicable","No","No","No"
"domv383","domv383.1","Victim1","wife","husband","Female","Male","Intimate relationship","Yes","No","Yes","Not mentioned","No","Not applicable","No","No","No"
"domv379","domv379.1","Victim1","wife","husband","Female","Male","Intimate relationship","No","Yes","Not applicable","Not applicable","Not mentioned","Not applicable","No","No","No"
"domv150","domv150.1","Victim1","wife","husband","Female","Male","Intimate relationship","Yes","Yes","Not applicable","Not applicable","Yes","No","No","No","No"
"domv154","domv154.1","Victim1","wife","husband","Female","Male","Intimate relationship","No","Yes","Not applicable","Not applicable","Not mentioned","Not applicable","No","No","No"
"domv196","domv196.1","Victim1","wife","husband","Female","Male","Intimate relationship","Yes","No","Yes","Yes","No","Not applicable","No","No","No"
"domv372","domv372.1","Victim1","father","son","Male","Male","Other relationship","Yes","No","Not applicable","Not mentioned","No","Not applicable","No","No","No"
"domv413","domv413.1","Victim1","wife","husband","Female","Male","Intimate relationship","Yes","No","Yes","Not mentioned","No","Not applicable","No","No","No"
"domv126","domv126.1","Victim1","wife","husband","Female","Male","Intimate relationship","Yes","No","Yes","Not mentioned","No","Not applicable","No","No","No"
"domv152","domv152.1","Victim1","wife","husband","Female","Male","Intimate relationship","No","Yes","Not applicable","Not applicable","Not mentioned","Not applicable","No","No","No"
"domv350","domv350.1","Victim1","sister","brother","Female","Male","Other relationship","Yes","No","Not applicable","Not mentioned","No","Not applicable","No","No","No"
"domv183","domv183.1","Victim1","wife","husband","Female","Male","Intimate relationship","Yes","No","Yes","Yes","No","Not applicable","No","No","No"
"domv125","domv125.1","Victim1","wife","husband","Female","Male","Intimate relationship","Yes","Yes","Not applicable","Not applicable","Not mentioned","Not applicable","No","No","No"
"domv160","domv160.1","Victim1","wife","husband","Female","Male","Intimate relationship","Yes","No","Yes","Not mentioned","No","Not applicable","No","No","No"
"domv141","domv141.1","Victim1","brother","brother","Male","Male","Other relationship","No","Yes","Not applicable","Not applicable","Not mentioned","Not applicable","No","No","No"
"domv173","domv173.1","Victim1","wife","husband","Female","Male","Intimate relationship","Yes","Yes","Not applicable","Not applicable","No","Not applicable","No","No","Yes"
"domv166","domv166.1","Victim1","wife","husband","Female","Male","Intimate relationship","Yes","No","Yes","Not mentioned","No","Not applicable","No","No","No"
"domv134","domv134.1","Victim1","wife","husband","Female","Male","Intimate relationship","Yes","No","Yes","Not mentioned","No","Not applicable","No","No","No"
"domv1308","domv1308.1","Victim1","wife","husband","Female","Male","Intimate relationship","No","Yes","Not applicable","Not applicable","Not mentioned","Not applicable","No","No","No"
"domv1023","domv1023.1","Victim1","son","father","Male","Male","Other relationship","No","Yes","Not applicable","Not applicable","Not mentioned","Not applicable","No","No","No"
"domv1107","domv1107.1","Victim1","mother-in-law","daughter-in-law","Female","Female","Other relationship","Yes","Yes","Not applicable","Not applicable","No","Not applicable","Yes","No","No"
"domv1107","domv1107.2","Victim1","daughter-in-law","mother-in-law","Female","Female","Other relationship","Yes","Yes","Not applicable","Not applicable","No","Not applicable","Yes","No","No"
"domv1108","domv1108.1","Victim1","mother","son","Female","Male","Other relationship","Yes","No","Not applicable","Not mentioned","No","Not applicable","No","No","No"
"domv1320","domv1320.1","Victim1","female fiance","male fiance","Female","Male","Intimate relationship","No","Yes","Not applicable","Not applicable","Not mentioned","Not applicable","No","No","No"
"domv1112","domv1112.1","Victim1","mother","son","Female","Male","Other relationship","Yes","No","Not applicable","Not mentioned","No","Not applicable","No","No","No"
"domv881","domv881.1","Victim1","wife","husband","Female","Male","Intimate relationship","Yes","Yes","Not applicable","Not applicable","No","Not applicable","No","No","No"
"domv914","domv914.1","Victim1","wife","husband","Female","Male","Intimate relationship","Yes","No","Not mentioned","Not mentioned","Not mentioned","Not applicable","No","No","No"
"domv892","domv892.1","Victim1","wife","husband","Female","Male","Intimate relationship","Yes","Yes","Not applicable","Not applicable","No","Not applicable","No","No","Yes"
"domv916","domv916.1","Victim1","husband","wife","Male","Female","Intimate relationship","Yes","No","Yes","Not mentioned","No","Not applicable","No","No","No"
"domv903","domv903.1","Victim1","wife","husband","Female","Male","Intimate relationship","No","Yes","Not applicable","Not applicable","Not mentioned","Not applicable","No","No","No"
"domv917","domv917.1","Victim1","daughter-in-law","father-in-law","Female","Male","Other relationship","Yes","No","Not applicable","Not mentioned","No","Not applicable","No","No","No"
"domv887","domv887.1","Victim1","wife","husband","Female","Male","Intimate relationship","Yes","No","Yes","Not mentioned","No","Not applicable","No","No","No"
"domv1435","domv1435.1","Victim1","mother","son","Female","Male","Other relationship","Yes","No","Not applicable","Not mentioned","No","Not applicable","No","No","Yes"
"domv1478","domv1478.1","Victim1","wife","husband","Female","Male","Intimate relationship","Yes","No","Yes","Yes","No","Not applicable","No","No","No"
"domv1582","domv1582.1","Victim1","wife","husband","Female","Male","Intimate relationship","Yes","No","Not mentioned","Not mentioned","No","Not applicable","No","Yes","Yes"
"domv1473","domv1473.1","Victim1","uncle of partner","nephew of partner","Male","Male","Other relationship","No","Yes","Not applicable","Not applicable","Not mentioned","Not applicable","No","No","No"
"domv1473","domv1473.2","Victim1","uncle","nephew","Male","Male","Other relationship","No","Yes","Not applicable","Not applicable","Not mentioned","Not applicable","No","No","No"
"domv1666","domv1666.1","Victim1","wife","husband","Female","Male","Intimate relationship","No","Yes","Not applicable","Not applicable","Not mentioned","Not applicable","No","No","No"
"domv1422","domv1422.1","Victim1","brother","brother","Male","Male","Other relationship","No","Yes","Not applicable","Not applicable","Not mentioned","Not applicable","No","No","No"
"domv1602","domv1602.1","Victim1","wife","husband","Female","Male","Intimate relationship","Yes","Yes","Not applicable","Not applicable","No","Not applicable","No","No","Yes"
"domv1663","domv1663.1","Victim1","wife","husband","Female","Male","Intimate relationship","Yes","No","Yes","Yes","No","Not applicable","No","No","No"
"domv1609","domv1609.1","Victim1","sister-in-law","sister-in-law","Female","Female","Other relationship","No","Yes","Not applicable","Not applicable","Not mentioned","Not applicable","No","No","No"
"domv1434","domv1434.1","Victim1","son","father","Male","Male","Other relationship","Yes","Yes","Not applicable","Not applicable","Not mentioned","Not applicable","No","No","Yes"
"domv1583","domv1583.1","Victim1","brother","brother","Male","Male","Other relationship","Yes","No","Not applicable","Not mentioned","No","Not applicable","No","No","Yes"
"domv1477","domv1477.1","Victim1","wife","husband","Female","Male","Intimate relationship","Yes","No","Yes","Not mentioned","No","Not applicable","No","No","No"
"domv1457","domv1457.1","Victim1","wife","husband","Female","Male","Intimate relationship","Yes","No","Yes","Not mentioned","No","Not applicable","No","No","Yes"
"domv1489","domv1489.1","Victim1","brother","brother","Male","Male","Other relationship","Yes","No","Not applicable","Not mentioned","No","Not applicable","No","No","Yes"
"domv723","domv723.1","Victim1","son","father","Male","Male","Other relationship","Yes","Yes","Not applicable","Not applicable","No","Not applicable","No","No","No"
"domv707","domv707.1","Victim1","father","son","Male","Male","Other relationship","No","Yes","Not applicable","Not applicable","Not mentioned","Not applicable","No","No","No"
"domv603","domv603.1","Victim1","mother","son","Female","Male","Other relationship","Yes","Yes","Not applicable","Not applicable","No","Not applicable","No","No","Yes"
"domv603","domv603.2","Victim1","mother","son","Female","Male","Other relationship","Yes","Yes","Not applicable","Not applicable","No","Not applicable","No","No","Yes"
"domv600","domv600.1","Victim1","son","father","Male","Male","Other relationship","No","Yes","Not applicable","Not applicable","Not mentioned","Not applicable","No","No","No"
"domv574","domv574.1","Victim1","brother","brother","Male","Male","Other relationship","Yes","Yes","Not applicable","Not applicable","No","Not applicable","No","No","No"
"domv563","domv563.1","Victim1","husband","wife","Male","Female","Intimate relationship","No","No","Yes","Not mentioned","No","Not applicable","No","No","Yes"
"domv575","domv575.1","Victim1","wife","husband","Female","Male","Intimate relationship","Yes","Yes","Not applicable","Not applicable","No","Not applicable","No","No","No"
"domv594","domv594.1","Victim1","mother","daughter","Female","Female","Other relationship","No","Yes","Not applicable","Not applicable","Not mentioned","Not applicable","No","No","No"
"domv93","domv93.1","Victim1","wife","husband","Female","Male","Intimate relationship","Yes","Yes","Not applicable","Not applicable","Not mentioned","Not applicable","Yes","No","No"
"domv93","domv93.2","Victim1","husband","wife","Male","Female","Intimate relationship","Yes","Yes","Not applicable","Not applicable","Not mentioned","Not applicable","Yes","No","No"
"domv312","domv312.1","Victim1","brother","brother","Male","Male","Other relationship","No","Yes","Not applicable","Not applicable","Not mentioned","Not applicable","No","No","No"
"domv326","domv326.1","Victim1","wife","husband","Female","Male","Intimate relationship","Yes","No","Yes","Not mentioned","No","Not applicable","No","No","No"
"domv320","domv320.1","Victim1","mother","son","Female","Male","Other relationship","No","Yes","Not applicable","Not applicable","Not mentioned","Not applicable","No","No","No"
"domv291","domv291.1","Victim1","wife","husband","Female","Male","Intimate relationship","No","Yes","Not applicable","Not applicable","Not mentioned","Not applicable","No","No","No"
"domv46","domv46.1","Victim1","wife","husband","Female","Male","Intimate relationship","No","Yes","Not applicable","Not applicable","Yes","No","No","Yes","No"
"domv285","domv285.1","Victim1","brother","brother","Male","Male","Other relationship","No","Yes","Not applicable","Not applicable","Not mentioned","Not applicable","No","No","No"
"domv318","domv318.1","Victim1","wife","husband","Female","Male","Intimate relationship","No","Yes","Not applicable","Not applicable","Not mentioned","Not applicable","No","No","No"
"domv244","domv244.1","Victim1","daughter","father","Female","Male","Other relationship","Yes","Yes","Not applicable","Not applicable","No","Not applicable","No","No","No"
"domv245","domv245.1","Victim1","father","son","Male","Male","Other relationship","Yes","No","Not applicable","Not mentioned","No","Not applicable","No","No","Yes"
"domv273","domv273.1","Victim1","wife","husband","Female","Male","Intimate relationship","Yes","Yes","Not applicable","Not applicable","Yes","No","No","No","No"
"domv292","domv292.1","Victim1","wife","husband","Female","Male","Intimate relationship","No","Yes","Not applicable","Not applicable","Not mentioned","Not applicable","No","No","No"
"domv88","domv88.1","Victim1","wife","husband","Female","Male","Intimate relationship","No","Yes","Not applicable","Not applicable","Not mentioned","Not applicable","No","No","No"
"domv63","domv63.1","Victim1","wife","husband","Female","Male","Intimate relationship","No","Yes","Not applicable","Not applicable","Not mentioned","Not applicable","No","No","No"
"domv79","domv79.1","Victim1","daughter","father","Female","Male","Other relationship","Yes","No","Not applicable","Not mentioned","No","Not applicable","No","No","No"
"domv115","domv115.1","Victim1","wife","husband","Female","Male","Intimate relationship","Yes","No","Yes","Not mentioned","No","Not applicable","No","No","No"
"domv309","domv309.1","Victim1","wife","husband","Female","Male","Intimate relationship","Yes","Yes","Not applicable","Not applicable","Yes","No","No","No","No"
"domv70","domv70.1","Victim1","sister","brother","Female","Male","Other relationship","No","Yes","Not applicable","Not applicable","Not mentioned","Not applicable","No","No","No"
"domv70","domv70.2","Victim1","daughter","mother","Female","Female","Other relationship","No","Yes","Not applicable","Not applicable","Not mentioned","Not applicable","No","No","No"
"domv73","domv73.1","Victim1","wife","husband","Female","Male","Intimate relationship","No","Yes","Not applicable","Not applicable","Not mentioned","Not applicable","No","No","No"
"domv1293","domv1293.1","Victim1","wife","husband","Female","Male","Intimate relationship","Yes","No","Yes","Not mentioned","No","Not applicable","No","No","No"
"domv1230","domv1230.1","Victim1","wife","husband","Female","Male","Intimate relationship","No","Yes","Not applicable","Not applicable","Not mentioned","Not applicable","No","No","No"
"domv1281","domv1281.1","Victim1","son","father","Male","Male","Other relationship","Yes","No","Not applicable","Not mentioned","No","Not applicable","No","No","No"
"domv1066","domv1066.1","Victim1","son","father","Male","Male","Other relationship","No","Yes","Not applicable","Not applicable","Not mentioned","Not applicable","No","No","No"
"domv1076","domv1076.1","Victim1","female cohabiting partner","male cohabiting partner","Female","Male","Intimate relationship","No","Yes","Not applicable","Not applicable","Not mentioned","Not applicable","No","No","No"
"domv1217","domv1217.1","Victim1","mother","son","Female","Male","Other relationship","Yes","No","Not applicable","Not mentioned","No","Not applicable","No","No","No"
"domv1245","domv1245.1","Victim1","wife","husband","Female","Male","Intimate relationship","Yes","Yes","Not applicable","Not applicable","Not mentioned","Not applicable","No","No","No"
"domv1262","domv1262.1","Victim1","wife","husband","Female","Male","Intimate relationship","No","Yes","Not applicable","Not applicable","Not mentioned","Not applicable","No","No","No"
"domv1072","domv1072.1","Victim1","wife","husband","Female","Male","Intimate relationship","Yes","No","Yes","Not mentioned","No","Not applicable","No","No","Yes"
"domv1299","domv1299.1","Victim1","wife","husband","Female","Male","Intimate relationship","Yes","Yes","Not applicable","Not applicable","Yes","No","No","No","No"
"domv1257","domv1257.1","Victim1","mother-in-law","daughter-in-law","Female","Female","Other relationship","Yes","Yes","Not applicable","Not applicable","No","Not applicable","No","No","No"
"domv1257","domv1257.2","Victim1","mother","son","Female","Male","Other relationship","Yes","Yes","Not applicable","Not applicable","No","Not applicable","No","No","No"
"domv1232","domv1232.1","Victim1","wife","husband","Female","Male","Intimate relationship","Yes","No","Yes","Not mentioned","No","Not applicable","No","No","No"
"domv1055","domv1055.1","Victim1","wife","husband","Female","Male","Intimate relationship","Yes","Yes","Not applicable","Not applicable","Not mentioned","Not applicable","No","No","No"
"domv1055","domv1055.2","Victim1","brother","brother","Male","Male","Other relationship","Yes","Yes","Not applicable","Not applicable","Not mentioned","Not applicable","Yes","No","No"
"domv1058","domv1058.1","Victim1","female cohabiting partner","male cohabiting partner","Female","Male","Intimate relationship","Yes","No","Yes","Not mentioned","No","Not applicable","No","No","No"
"domv1260","domv1260.1","Victim1","mother","son","Female","Male","Other relationship","Yes","No","Not applicable","Not mentioned","Not mentioned","Not applicable","No","No","No"
"domv1081","domv1081.1","Victim1","daughter","father","Female","Male","Other relationship","No","Yes","Not applicable","Not applicable","Not mentioned","Not applicable","No","No","No"
"domv1225","domv1225.1","Victim1","female fiance","male fiance","Female","Male","Intimate relationship","Yes","No","Yes","Not mentioned","No","Not applicable","No","No","Yes"
"domv992","domv992.1","Victim1","wife","husband","Female","Male","Intimate relationship","No","Yes","Not applicable","Not applicable","Not mentioned","Not applicable","No","No","No"
"domv1052","domv1052.1","Victim1","wife","husband","Female","Male","Intimate relationship","No","Yes","Not applicable","Not applicable","Not mentioned","Not applicable","No","No","No"
"domv1216","domv1216.1","Victim1","wife","husband","Female","Male","Intimate relationship","Yes","No","Not mentioned","Not mentioned","No","Not applicable","No","No","No"
"domv1234","domv1234.1","Victim1","wife","husband","Female","Male","Intimate relationship","Yes","No","Yes","Yes","No","Not applicable","No","No","No"
"domv1047","domv1047.1","Victim1","wife","husband","Female","Male","Intimate relationship","Yes","Yes","Not applicable","Not applicable","Not mentioned","Not applicable","No","No","No"
"domv1292","domv1292.1","Victim1","son","father","Male","Male","Other relationship","No","Yes","Not applicable","Not applicable","Not mentioned","Not applicable","No","No","No"
"domv868","domv868.1","Victim1","wife","husband","Female","Male","Intimate relationship","Yes","No","Yes","Yes","No","Not applicable","No","No","No"
"domv871","domv871.1","Victim1","mother-in-law","daughter-in-law","Female","Female","Other relationship","Yes","Yes","Not applicable","Not applicable","Not mentioned","Not applicable","Yes","No","No"
"domv871","domv871.2","Victim1","daughter-in-law","mother-in-law","Female","Female","Other relationship","Yes","Yes","Not applicable","Not applicable","Not mentioned","Not applicable","Yes","No","No"
"domv1648","domv1648.1","Victim1","wife","husband","Female","Male","Intimate relationship","Yes","No","Yes","Not mentioned","No","Not applicable","No","No","No"
"domv1396","domv1396.1","Victim1","daughter-in-law","mother-in-law","Female","Female","Other relationship","No","Yes","Not applicable","Not applicable","Not mentioned","Not applicable","No","No","Yes"
"domv1653","domv1653.1","Victim1","sister","brother","Female","Male","Other relationship","No","Yes","Not applicable","Not applicable","Not mentioned","Not applicable","No","No","No"
"domv1341","domv1341.1","Victim1","father","son","Male","Male","Other relationship","No","Yes","Not applicable","Not applicable","Not mentioned","Not applicable","No","No","No"
"domv1600","domv1600.1","Victim1","father","son","Male","Male","Other relationship","No","Yes","Not applicable","Not applicable","Not mentioned","Not applicable","No","No","No"
"domv1601","domv1601.1","Victim1","wife","husband","Female","Male","Intimate relationship","Yes","No","Yes","Not mentioned","No","Not applicable","No","No","Yes"
"domv1373","domv1373.1","Victim1","wife","husband","Female","Male","Intimate relationship","Yes","Yes","Not applicable","Not applicable","Yes","No","No","No","Yes"
"domv1358","domv1358.1","Victim1","mother","son","Female","Male","Other relationship","Yes","No","Not applicable","Not mentioned","No","Not applicable","No","No","No"
"domv1362","domv1362.1","Victim1","wife","husband","Female","Male","Intimate relationship","Yes","No","Yes","Not mentioned","No","Not applicable","No","No","Yes"
"domv1348","domv1348.1","Victim1","father","son","Male","Male","Other relationship","No","Yes","Not applicable","Not applicable","Not mentioned","Not applicable","No","No","No"
"domv697","domv697.1","Victim1","son","father","Male","Male","Other relationship","Yes","No","Not applicable","Not mentioned","No","Not applicable","No","No","No"
"domv703","domv703.1","Victim1","sister","brother","Female","Male","Other relationship","Yes","No","Not applicable","Not mentioned","No","Not applicable","No","No","No"
"domv704","domv704.1","Victim1","daughter","father","Female","Male","Other relationship","Yes","No","Not applicable","Not mentioned","No","Not applicable","No","No","No"
"domv698","domv698.1","Victim1","wife","husband","Female","Male","Intimate relationship","No","Yes","Not applicable","Not applicable","Not mentioned","Not applicable","No","No","No"
"domv698","domv698.2","Victim1","brother-in-law","brother-in-law","Male","Male","Other relationship","Yes","Yes","Not applicable","Not applicable","Not mentioned","Not applicable","No","No","No"
"domv541","domv541.1","Victim1","mother","son","Female","Male","Other relationship","Yes","Yes","Not applicable","Not applicable","No","Not applicable","No","No","No"
"domv652","domv652.1","Victim1","sister","brother","Female","Male","Other relationship","Yes","Yes","Not applicable","Not applicable","No","Not applicable","No","Yes","No"
"domv552","domv552.1","Victim1","wife","husband","Female","Male","Intimate relationship","Yes","Yes","Not applicable","Not applicable","No","Not applicable","No","No","Yes"
"domv538","domv538.1","Victim1","wife","husband","Female","Male","Intimate relationship","No","Yes","Not applicable","Not applicable","Not mentioned","Not applicable","No","No","No"
"domv450","domv450.1","Victim1","female cohabiting partner","male cohabiting partner","Female","Male","Intimate relationship","No","Yes","Not applicable","Not applicable","Not mentioned","Not applicable","No","No","No"
"domv269","domv269.1","Victim1","wife","husband","Female","Male","Intimate relationship","Yes","Yes","Not applicable","Not applicable","Yes","No","No","Yes","No"
"domv278","domv278.1","Victim1","daughter-in-law","father-in-law","Female","Male","Other relationship","Yes","Yes","Not applicable","Not applicable","Not mentioned","Not applicable","No","No","No"
"domv258","domv258.1","Victim1","wife","husband","Female","Male","Intimate relationship","Yes","Yes","Not applicable","Not applicable","No","Not applicable","No","No","No"
"domv260","domv260.1","Victim1","sister","sister","Female","Female","Other relationship","Yes","Yes","Not applicable","Not applicable","Not mentioned","Not applicable","Yes","No","No"
"domv260","domv260.2","Victim1","sister","sister","Female","Female","Other relationship","Yes","Yes","Not applicable","Not applicable","Not mentioned","Not applicable","Yes","No","No"
"domv270","domv270.1","Victim1","wife","husband","Female","Male","Intimate relationship","No","Yes","Not applicable","Not applicable","Not mentioned","Not applicable","No","No","No"
"domv257","domv257.1","Victim1","wife","husband","Female","Male","Intimate relationship","Yes","No","Not mentioned","Not mentioned","No","Not applicable","No","No","No"
"domv1151","domv1151.1","Victim1","father","son","Male","Male","Other relationship","Yes","Yes","Not applicable","Not applicable","No","Not applicable","No","No","Yes"
"domv1177","domv1177.1","Victim1","wife","husband","Female","Male","Intimate relationship","No","Yes","Not applicable","Not applicable","Not mentioned","Not applicable","No","No","No"
"domv1031","domv1031.1","Victim1","grandfather","grandson","Male","Male","Other relationship","Yes","Yes","Not applicable","Not applicable","No","Not applicable","No","No","No"
"domv1036","domv1036.1","Victim1","wife","husband","Female","Male","Intimate relationship","Yes","No","Yes","Not mentioned","No","Not applicable","No","No","No"
"domv1184","domv1184.1","Victim1","daughter","father","Female","Male","Other relationship","Yes","Yes","Not applicable","Not applicable","Not mentioned","Not applicable","No","No","No"
"domv1172","domv1172.1","Victim1","mother","son","Female","Male","Other relationship","Yes","Yes","Not applicable","Not applicable","Not mentioned","Not applicable","No","No","No"
"domv1030","domv1030.1","Victim1","daughter-in-law","mother-in-law","Female","Female","Other relationship","Yes","No","Not applicable","Not mentioned","No","Not applicable","No","No","Yes"
"domv1200","domv1200.1","Victim1","wife","husband","Female","Male","Intimate relationship","Yes","No","Not mentioned","Not mentioned","No","Not applicable","No","No","No"
"domv1179","domv1179.1","Victim1","wife","husband","Female","Male","Intimate relationship","Yes","Yes","Not applicable","Not applicable","Not mentioned","Not applicable","Yes","No","No"
"domv1179","domv1179.2","Victim1","husband","wife","Male","Female","Intimate relationship","Yes","Yes","Not applicable","Not applicable","Not mentioned","Not applicable","Yes","No","No"
"domv1202","domv1202.1","Victim1","wife","husband","Female","Male","Intimate relationship","Yes","No","Not mentioned","Not mentioned","No","Not applicable","No","No","No"
"domv1194","domv1194.1","Victim1","daughter-in-law","father-in-law","Female","Male","Other relationship","No","Yes","Not applicable","Not applicable","Not mentioned","Not applicable","No","No","No"
"domv964","domv964.1","Victim1","wife","husband","Female","Male","Intimate relationship","Yes","No","Not mentioned","Not mentioned","No","Not applicable","No","No","Yes"
"domv1573","domv1573.1","Victim2","wife","husband","Female","Male","Intimate relationship","Yes","Yes","Not applicable","Not applicable","Not mentioned","Not applicable","Yes","No","No"
"domv769","domv769.1","Victim2","daughter","father","Female","Male","Other relationship","Yes","No","Not applicable","Not mentioned","No","Not applicable","No","No","Yes"
"domv514","domv514.1","Victim2","stepdaughter","stepfather","Female","Male","Other relationship","No","Yes","Not applicable","Not applicable","Not mentioned","Not applicable","No","No","No"
"domv223","domv223.1","Victim2","daughter","father","Female","Male","Other relationship","Yes","No","Not applicable","Not mentioned","No","Not applicable","No","No","No"
"domv693","domv693.1","Victim2","sister","brother","Female","Male","Other relationship","No","Yes","Not applicable","Not applicable","Not mentioned","Not applicable","No","No","No"
"domv746","domv746.1","Victim2","son","father","Male","Male","Other relationship","No","Yes","Not applicable","Not applicable","Not mentioned","Not applicable","No","No","No"
"domv750","domv750.1","Victim2","male friend of female cohabiting partner","male friend of female cohabiting partner","Male","Male","Other relationship","Yes","No","Not applicable","Not mentioned","No","Not applicable","No","No","No"
"domv725","domv725.1","Victim2","mother","son","Female","Male","Other relationship","Yes","No","Not applicable","Not mentioned","No","Not applicable","No","No","No"
"domv402","domv402.1","Victim2","daughter","father","Female","Male","Other relationship","No","Yes","Not applicable","Not applicable","Not mentioned","Not applicable","No","No","No"
"domv196","domv196.1","Victim2","son","father","Male","Male","Other relationship","Yes","No","Not applicable","Not mentioned","No","Not applicable","No","No","No"
"domv141","domv141.1","Victim2","mother","son","Female","Male","Other relationship","No","Yes","Not applicable","Not applicable","Not mentioned","Not applicable","No","No","No"
"domv173","domv173.1","Victim2","daughter","father","Female","Male","Other relationship","No","Yes","Not applicable","Not applicable","Not mentioned","Not applicable","No","No","No"
"domv1435","domv1435.1","Victim2","brother","brother","Male","Male","Other relationship","No","Yes","Not applicable","Not applicable","No","Not applicable","No","No","Yes"
"domv1602","domv1602.1","Victim2","daughter","father","Female","Male","Other relationship","Yes","Yes","Not applicable","Not applicable","No","Not applicable","No","No","Yes"
"domv1434","domv1434.1","Victim2","wife","husband","Female","Male","Intimate relationship","Yes","No","Yes","Not mentioned","No","Not applicable","No","No","Yes"
"domv603","domv603.1","Victim2","father","son","Male","Male","Other relationship","Yes","Yes","Not applicable","Not applicable","No","Not applicable","No","No","Yes"
"domv603","domv603.2","Victim2","father","son","Male","Male","Other relationship","Yes","Yes","Not applicable","Not applicable","No","Not applicable","No","No","Yes"
"domv320","domv320.1","Victim2","brother","brother","Male","Male","Other relationship","No","Yes","Not applicable","Not applicable","Not mentioned","Not applicable","No","No","No"
"domv244","domv244.1","Victim2","son","father","Male","Male","Other relationship","No","Yes","Not applicable","Not applicable","Not mentioned","Not applicable","No","No","No"
"domv273","domv273.1","Victim2","mother-in-law","son-in-law","Female","Male","Other relationship","Yes","Yes","Not applicable","Not applicable","Yes","No","No","No","No"
"domv73","domv73.1","Victim2","son","father","Male","Male","Other relationship","No","Yes","Not applicable","Not applicable","Not mentioned","Not applicable","No","No","No"
"domv1293","domv1293.1","Victim2","mother","son","Female","Male","Other relationship","Yes","No","Not applicable","Not mentioned","No","Not applicable","No","No","No"
"domv1217","domv1217.1","Victim2","brother","brother","Male","Male","Other relationship","No","Yes","Not applicable","Not applicable","Not mentioned","Not applicable","No","No","No"
"domv1232","domv1232.1","Victim2","daughter","father","Female","Male","Other relationship","Yes","No","Not applicable","Not mentioned","No","Not applicable","No","No","No"
"domv1055","domv1055.1","Victim2","mother","son","Female","Male","Other relationship","No","Yes","Not applicable","Not applicable","Not mentioned","Not applicable","No","No","No"
"domv1653","domv1653.1","Victim2","father","son","Male","Male","Other relationship","No","Yes","Not applicable","Not applicable","Not mentioned","Not applicable","No","No","No"
"domv704","domv704.1","Victim2","daughter","father","Female","Male","Other relationship","No","No","Not applicable","Not mentioned","No","Not applicable","No","No","No"
"domv1177","domv1177.1","Victim2","son","father","Male","Male","Other relationship","No","Yes","Not applicable","Not applicable","Not mentioned","Not applicable","No","No","No"
"domv1031","domv1031.1","Victim2","mother","son","Female","Male","Other relationship","Yes","Yes","Not applicable","Not applicable","No","Not applicable","No","No","No"
"domv725","domv725.1","Victim3","father","son","Male","Male","Other relationship","Yes","No","Not applicable","Not mentioned","No","Not applicable","No","No","No"
"domv402","domv402.1","Victim3","son","father","Male","Male","Other relationship","No","Yes","Not applicable","Not applicable","Not mentioned","Not applicable","No","No","No"
"domv1434","domv1434.1","Victim3","daughter","father","Female","Male","Other relationship","No","No","Not applicable","Not mentioned","No","Not applicable","No","No","No"
"domv244","domv244.1","Victim3","wife","husband","Female","Male","Intimate relationship","No","Yes","Not applicable","Not applicable","Not mentioned","Not applicable","No","No","No"
"domv273","domv273.1","Victim3","father-in-law","son-in-law","Male","Male","Other relationship","Yes","Yes","Not applicable","Not applicable","Yes","No","No","No","No"
"domv73","domv73.1","Victim3","daughter","father","Female","Male","Other relationship","No","Yes","Not applicable","Not applicable","Not mentioned","Not applicable","No","No","No"
"domv1055","domv1055.1","Victim3","brother","brother","Male","Male","Other relationship","Yes","Yes","Not applicable","Not applicable","Not mentioned","Not applicable","Yes","No","No"
"domv704","domv704.1","Victim3","daughter","father","Female","Male","Other relationship","No","No","Not applicable","Not mentioned","No","Not applicable","No","No","No"
